id;nome;data_agenda;hora_inicio;hora_fim;situacao_agenda;observacoes;pauta;destaque;impedimento
1;Saúde Amapá Feito;2021-04-08;Group Plástico esmeralda;Buckinghamshire deposit Jóias;REALIZADA;Bola action-items ferrugem;Congelado Gostoso Ergonômico;Interactions;framework
2;Switchable;2021-04-08;invoice Shilling Avenida;Philippine Bacon applications;CANCELADA_SQUAD;Fresco Plástico;cohesive microchip initiatives;incentivize Versatile;extensible Re-contextualized Sapatos
3;Future copying applications;2021-04-08;neural;Norte generation Buckinghamshire;RESERVADA;content-based Madeira Rondônia;Executive HTTP;payment;GB
4;deposit 1080p Camiseta;2021-04-08;Sabonete copying blockchains;Brinquedos;CONFIRMADA;Optimization;Dollar;firewall Livros;Director coral bandwidth
5;Gâmbia neural;2021-04-08;Markets Avenida;Response;CONFIRMADA;ubiquitous;Croatian;index 24 do;Sabonete object-oriented Designer
6;back capacitor Buckinghamshire;2021-04-07;Customizable Account mesh;harness Madeira Money;RESERVADA;Goiás Avon;e-tailers architectures USB;Georgia;transmitter e-commerce
7;Inteligente EXE;2021-04-08;Salsicha object-oriented Borders;Jardim;RESERVADA;Kina Eslováquia;Turismo Berkshire;withdrawal benchmark;Rio web moderator
8;Marginal seamless;2021-04-08;navigate drive;Lindo Travessa management;RESERVADA;withdrawal;Regional Berkshire static;Alagoas roxo Ceará;copy Lustroso
9;optimal neutral;2021-04-08;middleware holistic;Integration repurpose generate;CANCELADA_UNBLOC;CSS;indexing Alagoas;azul optical;Marfim
10;Salada efficient;2021-04-08;Somoni;expedite;RESERVADA;microchip Impressionante Account;collaboration Shilling;Borracha;directional Marginal
